Job Title,Company Name,Location,Degree Required,Years of Experience,Link
Data Scientist,Stealth Startup,"Tel Aviv District, Israel",Not Specified,5,https://il.linkedin.com/jobs/view/data-scientist-at-stealth-startup-4354022986
Data Scientist - Deep Learning Forecasting,Fetcherr,"Netanya, Center District, Israel",M.Sc,5,https://il.linkedin.com/jobs/view/data-scientist-deep-learning-forecasting-at-fetcherr-4354863343
"Data Scientist, Product Analytics",Meta,"Tel Aviv-Yafo, Tel Aviv District, Israel",B.Sc,2,https://il.linkedin.com/jobs/view/data-scientist-product-analytics-at-meta-4350285297
Data Scientist,Vi,"Tel Aviv-Yafo, Tel Aviv District, Israel",M.Sc,3,https://il.linkedin.com/jobs/view/data-scientist-at-vi-4343655767
"Data Scientist, Research, Ecosystem Growth Data Science",Google,"Tel Aviv-Yafo, Tel Aviv District, Israel",M.Sc,5,https://il.linkedin.com/jobs/view/data-scientist-research-ecosystem-growth-data-science-at-google-4365577439
Data Scientist (End-to-End Ownership),Worthy.com,"Tel Aviv District, Israel",B.Sc,3,https://il.linkedin.com/jobs/view/data-scientist-end-to-end-ownership-at-worthy-com-4354094049
Data Scientist,Trigo,"Ramat Gan, Tel Aviv District, Israel",B.Sc,3,https://il.linkedin.com/jobs/view/data-scientist-at-trigo-4298386385
"Data Scientist, Product Analytics",Meta,"Tel Aviv-Yafo, Tel Aviv District, Israel",B.Sc,4,https://il.linkedin.com/jobs/view/data-scientist-product-analytics-at-meta-4350175483
Data Scientist,abra,"Center District, Israel",B.Sc,3,https://il.linkedin.com/jobs/view/data-scientist-at-abra-4365957129
AI \ Machine Learning Engineer,Home365,"Ramat Gan, Tel Aviv District, Israel",B.Sc,3,https://il.linkedin.com/jobs/view/ai-machine-learning-engineer-at-home365-4347908959
Applied AI Scientist,Ask-AI,"Tel Aviv-Yafo, Tel Aviv District, Israel",M.Sc,3,https://il.linkedin.com/jobs/view/applied-ai-scientist-at-ask-ai-4275323442
Machine Learning Engineer - Entry Level Career Path Leading to Future Employment,InfinityLabs R&D,"Ramat Gan, Tel Aviv District, Israel",B.Sc,0,https://il.linkedin.com/jobs/view/machine-learning-engineer-entry-level-career-path-leading-to-future-employment-at-infinitylabs-r-d-4365683086
Machine Learning Engineer,Intelligo,"Ramat Gan, Tel Aviv District, Israel",B.Sc,3,https://il.linkedin.com/jobs/view/machine-learning-engineer-at-intelligo-4359165413
Data Scientist (23756),Yael Group,"Tel Aviv District, Israel",B.Sc,2,https://il.linkedin.com/jobs/view/data-scientist-23756-at-yael-group-4356274037
